<?xml version="1.0" encoding="UTF-8"?>
<project-private xmlns="http://www.netbeans.org/ns/project-private/1">
    <editor-bookmarks xmlns="http://www.netbeans.org/ns/editor-bookmarks/2" lastBookmarkId="0"/>
    <open-files xmlns="http://www.netbeans.org/ns/projectui-open-files/2">
        <group>
            <file>file:/C:/Users/QC/Documents/NetBeansProjects/Java_UTS/src/java_uts/informasi.java</file>
            <file>file:/C:/Users/QC/Documents/NetBeansProjects/Java_UTS/src/java_uts/Pendaftaran.java</file>
        </group>
    </open-files>
</project-private>
